{
  "name": "hair-doc-backend",
  "version": "1.0.0",
  "lockfileVersion": 3,
  "requires": true,
  "packages": {
    "": {
      "name": "hair-doc-backend",
      "version": "1.0.0",
      "dependencies": {
        "bcryptjs": "^2.4.3",
        "cors": "^2.8.5",
        "dotenv": "^16.3.1",
        "express": "^4.18.2",
        "jsonwebtoken": "^9.0.2",
        "multer": "^1.4.5-lts.1",
        "mysql2": "^3.6.5",
        "nodemailer": "^6.9.7"
      },
      "devDependencies": {
        "nodemon": "^3.0.1"
      }
    },
    "node_modules/bcryptjs": {
      "version": "2.4.3",
      "resolved": "https://registry.npmjs.org/bcryptjs/-/bcryptjs-2.4.3.tgz"
    },
    "node_modules/cors": {
      "version": "2.8.5",
      "resolved": "https://registry.npmjs.org/cors/-/cors-2.8.5.tgz"
    },
    "node_modules/dotenv": {
      "version": "16.3.1",
      "resolved": "https://registry.npmjs.org/dotenv/-/dotenv-16.3.1.tgz"
    },
    "node_modules/express": {
      "version": "4.18.2",
      "resolved": "https://registry.npmjs.org/express/-/express-4.18.2.tgz"
    },
    "node_modules/jsonwebtoken": {
      "version": "9.0.2",
      "resolved": "https://registry.npmjs.org/jsonwebtoken/-/jsonwebtoken-9.0.2.tgz"
    },
    "node_modules/multer": {
      "version": "1.4.5-lts.1",
      "resolved": "https://registry.npmjs.org/multer/-/multer-1.4.5-lts.1.tgz"
    },
    "node_modules/mysql2": {
      "version": "3.6.5",
      "resolved": "https://registry.npmjs.org/mysql2/-/mysql2-3.6.5.tgz"
    },
    "node_modules/nodemailer": {
      "version": "6.9.7",
      "resolved": "https://registry.npmjs.org/nodemailer/-/nodemailer-6.9.7.tgz"
    }
  }
}
